{"cameraMode":{"drawMode":0,"name":"Shaded","section":"Shading Mode"},"sceneLighting":false,"audioPlay":false,"sceneViewState":{"m_AlwaysRefresh":false,"showFog":true,"showSkybox":false,"showFlares":true,"showImageEffects":true,"showParticleSystems":true,"showVisualEffectGraphs":true,"m_FxEnabled":true},"in2DMode":false,"pivot":{"x":-0.36743098497390749,"y":0.5687963366508484,"z":-0.012823566794395447},"rotation":{"x":0.16500884294509889,"y":-0.38167527318000796,"z":0.06945335119962692,"w":0.906794011592865},"size":0.823735773563385,"orthographic":true}